Commune,Année,Répartition,Site web des conseils municipaux (une ligne par lien),Type de site
Ahaxe-Alciette-Bascassan,,Lalie,pas de site web,n/a
Ahetze,,Lalie,https://www.ahetze.fr/vie-municipale/conseil-municipal/deliberations/,page unique
Aïcirits-Camou-Suhast,,Lalie,http://www.aiciritscamousuhast.fr/fr/comptes-rendus,pagination
Aincille,,Lalie,pas de site web,n/a
Ainharp,,Lalie,pas de site web,n/a
Ainhice-Mongelos,,Lalie,pas de site web,n/a
Ainhoa,,Lalie,https://www.ainhoa.fr/les-deliberations,page unique avec drop downs par conseil (url différent pour chaque drop down)
Alçay-Alçabéhéty-Sunharette,,Lalie,pas de site web,n/a
Aldudes,,Lalie,pas de site web,n/a
Alos-Sibas-Abense,,Lalie,http://www.alos-sibas-abense.com/bulletins1.php,page unique
Amendeuix-Oneix,,Lalie,https://amendeuix-oneix.com/deliberations-du-conseil-2/,"une page, incomplet avant 2023, sous liseuse web (pas de PDF)"
Amorots-Succos,,Lalie,pas de site web,n/a
Anglet,,Lalie,https://www.anglet.fr/ma-ville/ma-mairie/fiche-pratique/actualites/voir-le-conseil-municipal/,page unique
Anhaux,,Lalie,pas de site web,n/a
Arancou,,Lalie,https://www.arancou.fr/categorie/reunions-documents-mairie/,"pagination, incomplet après 2020"
Arbérats-Sillègue,,Lalie,pas de site web,n/a
Arbonne,,Lalie,https://www.arbonne.fr/deliberations-du-conseil-municipal/,page unique
Arbouet-Sussaute,,Lalie,pas de site web,n/a
Arcangues,,Lalie,https://www.arcangues.fr/deliberations-du-conseil-municipal/,une page par année
Arhansus,,Lalie,pas de site web,n/a
Armendarits,,Lalie,pas de site web,n/a
Arnéguy,,Lalie,pas de site web,n/a
Aroue-Ithorots-Olhaïby,,Lalie,pas de site web,n/a
Arrast-Larrebieu,,Lalie,pas de site web,n/a
Arraute-Charritte,,Lalie,pas de site web,n/a
Ascain,,Lalie,https://www.mairie-ascain.fr/publications/conseils-municipaux,pagination avec drop downs par conseil (url différent pour chaque drop down)
Ascarat,,Lalie,pas de site web,n/a
Aussurucq,,Lalie,pas de site web,n/a
Ayherre,,Lalie,http://www.ayherre.fr/aiherrayherre/vie-municipale/deliberations.html,"page unique sous dropdowns, incomplet avant 2022"
Banca,,Lalie,pas de site web,n/a
Barcus,,Lalie,pas de site web,n/a
Bardos,,Lalie,https://www.bardos.fr/articles.php?lng=fr&pg=15&tconfig=0,page unique
Bassussarry,,Lalie,https://www.bassussarry.fr/mairie/deliberations/,une page avec dropdowns
Bayonne,,Lalie,Résultats : 1 - 20 sur 80 Conseils municipaux Page 1 sur 4 - Ville de Bayonne,"Une page avec tous les liens vers les pages dédiées des conseils municipaux, avec pagination"
Béguios,,Lalie,pas de site web,n/a
Béhasque-Lapiste,,Lalie,pas de site web,n/a
Béhorléguy,,Lalie,pas de site web,n/a
Bergouey-Viellenave,,Lalie,pas de site web,n/a
Berrogain-Laruns,,Lalie,pas de site web,n/a
Beyrie-sur-Joyeuse,,Lalie,https://www.beyriesurjoyeuse.fr/vie-municipale/equipe-municipale/les-documents-municipaux,"une page, incomplet avant 2025"
Biarritz,,Lalie,Conseils municipaux,Page unique avec tous les PDFs et ZIPs
Bidache,,Lalie,https://www.bidache.fr/vos-elus/,page unique
Bidarray,,Lalie,https://www.bidarray.fr/publications,"sous pagination, incomplet avant 2022"
Bidart,,Lalie,Les conseils municipaux,Page unique par année avec tous les PDFs
Biriatou,,Lalie,https://www.biriatou.fr/publications/deliberations/year_2025,"1 sous page par conseil (url différent pour chaque drop down), incomplet avant 2025"
Bonloc,,Lalie,https://communedebonloc.fr/bulletins-municipaux/,"une page, bulletins municipaux seulement"
Boucau,,Lalie,https://www.boucau.fr/ma-mairie/le-conseil-municipal/seances-et-deliberations/,page unique sous dropdowns
Briscous,,Lalie,https://www.briscous.fr/vie-communale-plan-communal-de-sauvegarde/les-conseils-municipaux,1 sous page par conseil
Bunus,,Lalie,pas de site web,n/a
Bussunarits-Sarrasquette,,Lalie,pas de site web,n/a
Bustince-Iriberry,,Lalie,pas de site web,n/a
Cambo-les-Bains,,Lalie,https://www.cambolesbains.fr/fr/ma-mairie/conseil-municipal/deliberations/deliberations-2025/,1 sous page par année
Came,,Lalie,https://mairie-came.fr/les-deliberations/,1 page sous liseuse web (pas en PDF)
Camou-Cihigue,,Lalie,pas de site web,n/a
Çaro,,Lalie,pas de site web,n/a
Charritte-de-Bas,,Lalie,pas de site web,n/a
Chéraute,,Lalie,https://cheraute.fr/vie-municipale/conseil-municipal/les-conseils-municipaux/,1 page sous liseuse web (pas en PDF)
Ciboure,,Lalie,https://mairie-ciboure.fr/conseils-municipaux,page unique
Domezain-Berraute,,Lalie,pas de site web,n/a
Espelette,,Lalie,https://www.mairie-espelette.fr/fr/la-mairie/deliberations-2023/,page unique
Espès-Undurein,,Lalie,pas de site web,n/a
Estérençuby,,Lalie,pas de site web,n/a
Etcharry,,Lalie,pas de site web,n/a
Etchebar,,Lalie,pas de site web,n/a
Gabat,,Lalie,pas de site web,n/a
Gamarthe,,Lalie,pas de site web,n/a
Garindein,,Lalie,pas de site web,n/a
Garris,,Lalie,"http://www.grandris.org/compte-rendus-des-conseils#:~:text=Quelques%20informations,et%20tous%2C%20%C3%A0%20la%20Mairie.&text=%E2%80%93%20puis%20dans%20un%20second%20temps,de%20la%20s%C3%A9ance%20elle%20m%C3%AAme.",page unique
Gotein-Libarrenx,,Lalie,https://gotein-libarrenx.fr/tous-les-bulletins-municipaux/,"page unique, bulletins municipaux seulement, sous liseuse Web"
Guéthary,,Lalie,https://www.guethary.fr/les-reunions-du-conseil-municipal-a-retravailler,page unique
Guiche,,Lalie,https://www.guiche.fr/mairie/deliberations-conseil-municipal/,"1 page par année, incomplet après 2023"
Halsou,,Lalie,https://www.halsou.fr/halsou/vie-municipale/seances-du-conseil,sous pagination
Hasparren,,Lalie,https://hasparren.fr/comptes-rendus/,page unique sous dropdowns
Haux,,Lalie,pas de site web,n/a
Hélette,,Lalie,https://helette.fr/les-deliberations/,page unique sous dropdowns sous liseuse Web
Hendaye,,Lalie,https://www.hendaye.fr/fr/mairie-services/conseil-municipal/ordre-du-jour-et-compte-rendus/,"1 page par conseil, directement tapé sur le site"
Hosta,,Lalie,pas de site web,n/a
Ibarrolle,,Lalie,pas de site web,n/a
Idaux-Mendy,,Lalie,pas de site web,n/a
Iholdy,,Emilien,pas de site web,n/a
Ilharre,,Emilien,pas de site web,n/a
Irissarry,,Emilien,https://www.irissarry.fr/deliberations.php,page unique avec drop downs 
Irouléguy,,Emilien,pas de site web,n/a
Ispoure,,Emilien,https://www.ispoure.fr/vie-municipale/equipe-municipale/deliberations-du-conseil,"Page unique, documents incomplets"
Isturits,,Emilien,https://www.isturitz.fr/la-mairie/ordres-du-jour-et-compte-rendus/compte-rendu,Page unique avec onglets
Itxassou,,Emilien,https://itxassou.fr/publications/comptes-rendus-de-conseils-municipaux,pagination
Jatxou,,Emilien,https://www.jatxou.fr/la-mairie/deliberations,Page unique
Jaxu,,Emilien,pas de site web,n/a
Juxue,,Emilien,pas de site web,n/a
L'Hôpital-Saint-Blaise,,Emilien,https://www.hopital-saint-blaise.fr/mairie,pas de documents disponibles
La Bastide-Clairence,,Emilien,https://www.labastideclairence.com/la-mairie/deliberations/,page unique
Labets-Biscay,,Emilien,pas de site web,n/a
Lacarre,,Emilien,pas de site web,n/a
Lacarry-Arhan-Charritte-de-Haut,,Emilien,pas de site web,n/a
Laguinge-Restoue,,Emilien,pas de site web,n/a
Lahonce,,Emilien,https://www.lahonce.fr/documents-communaux,page unique
Lantabat,,Emilien,pas de site web,n/a
Larceveau-Arros-Cibits,,Emilien,pas de site web,n/a
Larrau,,Emilien,https://www.larrau.org/au-village/mairie/deliberations-du-conseil/,pas de documents disponibles
Larressore,,Emilien,https://www.larressore.fr/vie-municipale/deliberations,page unique
Larribar-Sorhapuru,,Emilien,pas de site web,n/a
Lasse,,Emilien,pas de site web,n/a
Lecumberry,,Emilien,pas de site web,n/a
Lichans-Sunhar,,Emilien,pas de site web,n/a
Lichos,,Emilien,pas de site web,n/a
Licq-Athérey,,Emilien,pas de site web,n/a
Lohitzun-Oyhercq,,Emilien,pas de site web,n/a
Louhossoa,,Emilien,https://louhossoa.eus/les-deliberations/#1686648507502-daaa5e27-aab4,page unique avec drop downs par conseil (url différent pour chaque drop down)
Luxe-Sumberraute,,Emilien,pas de site web,n/a
Macaye,,Emilien,https://macaye.fr/vie-municipale/#comptesrenduscm,page unique avec drop downs
Masparraute,,Emilien,pas de site web,n/a
Mauléon-Licharre,,Emilien,https://www.mauleon-licharre.fr/les-deliberations,page unique
Méharin,,Emilien,pas de site web,n/a
Mendionde,,Emilien,https://mendionde.fr/les-deliberations/,"page unique mais en liseuse browser, pas sous pdf directement"
Menditte,,Emilien,pas de site web,n/a
Mendive,,Emilien,pas de site web,n/a
Moncayolle-Larrory-Mendibieu,,Emilien,pas de site web,n/a
Montory,,Emilien,https://commune-montory.fr/Activites-Les%20services%20publics-La%20mairie.htm,"une page, pas à jour après 2021"
Mouguerre,2022-2025,Emilien,https://mouguerre.fr/publications/conseil-municipal,une page
Mouguerre,2020-2021,Emilien,https://mouguerre.fr/archives-conseils-municipaux,une page
Musculdy,,Emilien,pas de site web,n/a
Ordiarp,,Emilien,pas de site web,n/a
Orègue,,Emilien,https://oregue.fr/les-deliberations/,"page unique mais en liseuse browser, pas sous pdf directement"
Orsanco,,Emilien,pas de site web,n/a
Ossas-Suhare,,Emilien,pas de site web,n/a
Osserain-Rivareyte,,Emilien,http://www.osserain-rivareyte.fr/fr/comptes-rendus,"page unique, pas à jour après 2022"
Ossès,,Emilien,https://ortzaize.eus/fr/cat_doc/les-deliberations/,pagination
Ostabat-Asme,,Emilien,pas de site web,n/a
Pagolle,,Emilien,http://www.pagolle.fr/mobile/fr/actualites,pas à jour
Roquiague,,Emilien,pas de site web,n/a
Saint-Esteben,,Emilien,https://www.saintesteben.fr/mairie/d%C3%A9lib%C3%A9rations/docs/,une page
Saint-Étienne-de-Baïgorry,,Emilien,https://www.baigorry.fr/publications/seances-du-conseil-municipal,"une page, pas à jour après 2024"
Saint-Jean-de-Luz,,Emilien,https://www.saintjeandeluz.fr/fr/votre-mairie/conseil-municipal/liste-des-deliberations/,une page
Saint-Jean-le-Vieux,,Emilien,https://saintjeanlevieux01.fr/mairie/conseil-municipal/,"une page, pas à jour après 2023"
Saint-Jean-Pied-de-Port,,Emilien,https://www.st-jean-pied-de-port.fr/vie-municipale/le-maire-et-le-conseil-municipal/deliberations/,une page
Saint-Just-Ibarre,,Emilien,pas de site web,n/a
Saint-Martin-d'Arberoue,2024,Emilien,https://www.saintmartindarberoue.fr/la-mairie/comptes-rendus-2024/,"une page, pas à jour depuis 2024"
Saint-Martin-d'Arberoue,2023,Emilien,https://www.saintmartindarberoue.fr/la-mairie/comptes-rendus-avant-2023/comptes-rendus-2023/,une page
Saint-Martin-d'Arberoue,2022,Emilien,https://www.saintmartindarberoue.fr/la-mairie/comptes-rendus-avant-2023/comptes-rendus-2022/,une page
Saint-Martin-d'Arberoue,2021,Emilien,https://www.saintmartindarberoue.fr/la-mairie/comptes-rendus-avant-2023/comptes-rendus-2021/,une page
Saint-Martin-d'Arberoue,2020,Emilien,https://www.saintmartindarberoue.fr/la-mairie/comptes-rendus-avant-2023/comptes-rendus-2020/,une page
Saint-Martin-d'Arrossa,,Emilien,https://www.saintmartindarrossa.fr/mairie-arrossa/seances-du-conseil-municipal/,une page
Saint-Michel,,Emilien,pas de site web,n/a
Saint-Palais,,Emilien,https://www.saint-palais.fr/la-mairie/conseils-municipaux/,"une page, pas à jour après 2024"
Saint-Pée-sur-Nivelle,,Emilien,https://saintpeesurnivelle.fr/publications-officielles,une page
Saint-Pierre-d'Irube,,Emilien,Actes Administratifs - Saint Pierre d'Irube,Page unique avec tous les PDFs
Sainte-Engrâce,,Emilien,https://www.sainte-engrace.fr/index.php/fr/,pas à jour
Sames,,Emilien,https://www.sames64.fr/vie-municipale/comptes-rendus-des-conseils-municipaux/,une page
Sare,,Emilien,https://www.sare.fr/publications/conseil-municipal,pagination
Sauguis-Saint-Étienne,,Emilien,pas de site web,n/a
Souraïde,,Emilien,https://commune-souraide.fr/les-deliberations/,une page
Suhescun,,Emilien,pas de site web,n/a
Tardets-Sorholus,,Emilien,https://www.tardets.com/mairie.php,pas à jour
Trois-Villes,,Emilien,pas de site web,n/a
Uhart-Cize,,Emilien,pas de site web,n/a
Uhart-Mixe,,Emilien,pas de site web,n/a
Urcuit,,Emilien,https://www.urcuit.fr/vie-municipale/le-conseil-municipal/seances-et-deliberations/,une page avec drop downs
Urepel,,Emilien,pas de site web,n/a
Urrugne,,Emilien,https://www.urrugne.fr/publications/conseil-municipal,"une page, pas à jour avant 2023"
Urt,,Emilien,https://www.urt.fr/la-mairie/publications/#deliberations,"une page, pas à jour après 2024 et avant 2022"
Ustaritz,,Emilien,https://www.ustaritz.fr/fr/ustaritz/mairie/deliberations-du-conseil-municipal.html,une page
Villefranque,,Emilien,https://www.villefranque.fr/publications/conseils-municipaux,pagination. Pas à jour avant 2022
Viodos-Abense-de-Bas,,Emilien,pas de site web,n/a